{
  "timestamp": "20250828_174636",
  "translation_mm": {
    "x": -48.30415358576745,
    "y": -39.06402295993026,
    "z": -56.76678954362738
  },
  "manual_adjustments_mm": {
    "x": 0.0,
    "y": -8.0,
    "z": -5.0
  },
  "original_translation_mm": {
    "x": -48.30415358576745,
    "y": -31.064022959930263,
    "z": -51.76678954362739
  }
}